[
  {
    "cpf": "12345678900",
    "email": "admin@gmail.ueg.br",
    "senha": "123456",
    "tipoPerfil": "administrador"
  },
  {
    "cpf": "98765432100",
    "email": "aluno.membro@gmail.ueg.br",
    "senha": "123456",
    "tipoPerfil": "aluno"
  },
  {
    "cpf": "11223344550",
    "email": "professor@gmail.ueg.br",
    "senha": "123456",
    "tipoPerfil": "professor"
  },
  {
    "cpf": "22334455660",
    "email": "recrutador@empresa.com",
    "senha": "12456",
    "tipoPerfil": "recrutador"
  }
]